No.,time,VOL1(mV),VOL2(mV),VOL3(mV),VOL4(mV),VOL5(mV),VOL6(mV),VOL7(mV),VOL8(mV),VOL9(mV),VOL10(mV),VOL11(mV),VOL12(mV),Current(mA),Temperature,Temp_in,Temp_ex1,Temp_ex2,Balance,Status
21395,2022-08-30 00:00:16,3998,3986,4000,3999,0,0,0,0,0,0,0,0,4100,1,72,28,30,,Change,
21396,2022-08-30 00:00:51,4003,3991,4005,4004,0,0,0,0,0,0,0,0,4100,1,72,29,30,,Change,
21397,2022-08-30 00:01:26,4008,3996,4010,4009,0,0,0,0,0,0,0,0,4100,1,73,29,30,,Change,
21398,2022-08-30 00:02:02,4014,4001,4015,4014,0,0,0,0,0,0,0,0,4100,1,73,29,30,,Change,
21399,2022-08-30 00:02:37,4018,4006,4020,4019,0,0,0,0,0,0,0,0,4100,1,73,29,30,,Change,
21400,2022-08-30 00:03:12,4024,4011,4025,4024,0,0,0,0,0,0,0,0,4100,1,74,29,30,,Change,
21401,2022-08-30 00:03:47,4029,4016,4030,4029,0,0,0,0,0,0,0,0,4100,1,74,29,30,,Change,
21402,2022-08-30 00:04:22,4033,4021,4035,4034,0,0,0,0,0,0,0,0,4100,1,75,29,30,,Change,
21403,2022-08-30 00:04:57,4039,4026,4040,4039,0,0,0,0,0,0,0,0,4100,1,75,29,30,,Change,
21404,2022-08-30 00:05:32,4044,4031,4045,4044,0,0,0,0,0,0,0,0,4100,1,76,29,30,,Change,
21405,2022-08-30 00:06:07,4049,4036,4050,4049,0,0,0,0,0,0,0,0,4100,1,76,29,30,,Change,
21406,2022-08-30 00:06:42,4054,4041,4055,4054,0,0,0,0,0,0,0,0,4100,1,77,29,30,,Change,
21407,2022-08-30 00:07:17,4059,4046,4060,4059,0,0,0,0,0,0,0,0,4100,1,77,29,30,,Change,
21408,2022-08-30 00:07:52,4064,4051,4066,4064,0,0,0,0,0,0,0,0,4100,1,77,29,30,,Change,
21409,2022-08-30 00:08:27,4069,4056,4070,4069,0,0,0,0,0,0,0,0,4100,1,78,29,30,,Change,
21410,2022-08-30 00:09:03,4074,4061,4075,4074,0,0,0,0,0,0,0,0,4100,1,78,29,30,,Change,
21411,2022-08-30 00:09:38,4079,4066,4080,4079,0,0,0,0,0,0,0,0,4100,1,79,29,30,,Change,
21412,2022-08-30 00:10:13,4083,4071,4085,4083,0,0,0,0,0,0,0,0,4100,1,79,29,30,,Change,
21413,2022-08-30 00:10:48,4088,4075,4090,4088,0,0,0,0,0,0,0,0,4100,1,80,29,30,,Change,
21414,2022-08-30 00:11:23,4093,4080,4094,4093,0,0,0,0,0,0,0,0,4100,1,80,29,30,,Change,
21415,2022-08-30 00:11:58,4097,4085,4099,4097,0,0,0,0,0,0,0,0,4100,1,81,29,30,,Change,
21416,2022-08-30 00:12:33,4102,4090,4103,4101,0,0,0,0,0,0,0,0,4100,1,81,29,30,,Change,
21417,2022-08-30 00:13:08,4106,4094,4107,4106,0,0,0,0,0,0,0,0,4100,1,81,29,30,,Change,
21418,2022-08-30 00:13:43,4110,4099,4111,4110,0,0,0,0,0,0,0,0,4100,1,82,29,30,,Change,
21419,2022-08-30 00:14:18,4114,4103,4115,4114,0,0,0,0,0,0,0,0,4100,1,82,29,30,,Change,
21420,2022-08-30 00:14:53,4117,4107,4119,4117,0,0,0,0,0,0,0,0,4100,1,83,29,30,,Change,
21421,2022-08-30 00:15:28,4121,4111,4122,4121,0,0,0,0,0,0,0,0,4100,1,83,29,30,,Change,
21422,2022-08-30 00:16:03,4124,4115,4125,4124,0,0,0,0,0,0,0,0,4100,1,84,29,30,,Change,
21423,2022-08-30 00:16:39,4127,4119,4128,4127,0,0,0,0,0,0,0,0,4100,1,84,29,30,,Change,
21424,2022-08-30 00:17:14,4130,4122,4131,4130,0,0,0,0,0,0,0,0,4100,1,85,29,30,,Change,
21425,2022-08-30 00:17:49,4132,4125,4133,4132,0,0,0,0,0,0,0,0,4100,1,85,29,30,,Change,
21426,2022-08-30 00:18:24,4134,4128,4135,4134,0,0,0,0,0,0,0,0,4100,1,85,29,30,,Change,
21427,2022-08-30 00:18:59,4136,4131,4137,4136,0,0,0,0,0,0,0,0,4100,1,86,29,30,,Change,
21428,2022-08-30 00:19:34,4138,4133,4139,4138,0,0,0,0,0,0,0,0,4100,1,86,29,30,,Change,
21429,2022-08-30 00:20:09,4141,4135,4142,4140,0,0,0,0,0,0,0,0,4100,1,87,29,30,,Change,
21430,2022-08-30 00:20:44,4143,4137,4143,4142,0,0,0,0,0,0,0,0,4100,1,87,29,30,,Change,
21431,2022-08-30 00:21:19,4144,4139,4145,4144,0,0,0,0,0,0,0,0,4100,1,88,29,30,,Change,
21432,2022-08-30 00:21:54,4146,4141,4147,4146,0,0,0,0,0,0,0,0,4100,1,88,29,30,,Change,
21433,2022-08-30 00:22:29,4149,4144,4149,4148,0,0,0,0,0,0,0,0,4100,1,89,29,30,,Change,
21434,2022-08-30 00:23:04,4151,4146,4152,4150,0,0,0,0,0,0,0,0,4100,1,89,30,30,,Change,
21435,2022-08-30 00:23:40,4153,4147,4154,4153,0,0,0,0,0,0,0,0,4100,1,89,30,30,,Change,
21436,2022-08-30 00:24:15,4155,4150,4156,4155,0,0,0,0,0,0,0,0,4100,1,90,30,30,,Change,
21437,2022-08-30 00:24:50,4158,4152,4158,4157,0,0,0,0,0,0,0,0,4100,1,90,30,30,,Change,
21438,2022-08-30 00:25:25,4160,4154,4161,4160,0,0,0,0,0,0,0,0,4100,1,91,30,30,,Change,
21439,2022-08-30 00:26:00,4163,4156,4164,4163,0,0,0,0,0,0,0,0,4100,1,91,30,30,,Change,
21440,2022-08-30 00:26:35,4166,4159,4167,4166,0,0,0,0,0,0,0,0,4100,1,92,30,30,,Change,
21441,2022-08-30 00:27:10,4169,4161,4170,4169,0,0,0,0,0,0,0,0,4100,1,92,30,30,,Change,
21442,2022-08-30 00:27:45,4173,4164,4174,4172,0,0,0,0,0,0,0,0,4100,1,93,30,30,,Change,
21443,2022-08-30 00:28:20,4177,4167,4177,4176,0,0,0,0,0,0,0,0,4100,1,93,30,30,,Change,
21444,2022-08-30 00:28:55,4179,4169,4180,4179,0,0,0,0,0,0,0,0,3900,1,93,30,30,,Change,
21445,2022-08-30 00:29:30,4182,4170,4182,4181,0,0,0,0,0,0,0,0,3800,1,94,30,30,,Change,
21446,2022-08-30 00:30:05,4184,4172,4185,4183,0,0,0,0,0,0,0,0,3600,1,94,30,30,,Change,
21447,2022-08-30 00:30:41,4186,4173,4187,4186,0,0,0,0,0,0,0,0,3500,1,95,30,30,,Change,
21448,2022-08-30 00:31:16,4189,4175,4189,4188,0,0,0,0,0,0,0,0,3300,1,95,30,30,,Change,
21449,2022-08-30 00:31:51,4191,4176,4192,4190,0,0,0,0,0,0,0,0,3100,1,95,30,30,,Change,
21450,2022-08-30 00:32:26,4194,4178,4194,4193,0,0,0,0,0,0,0,0,3000,1,96,30,30,,Change,
21451,2022-08-30 00:33:01,4196,4179,4197,4195,0,0,0,0,0,0,0,0,2800,1,96,30,30,,Change,
21452,2022-08-30 00:33:36,4199,4180,4199,4198,0,0,0,0,0,0,0,0,2700,1,96,30,30,,Change,
21453,2022-08-30 00:34:11,4201,4182,4202,4200,0,0,0,0,0,0,0,0,2500,1,97,30,30,,Change,
21454,2022-08-30 00:34:46,4203,4183,4204,4203,0,0,0,0,0,0,0,0,2400,1,97,30,30,,Change,
21455,2022-08-30 00:35:21,4206,4185,4207,4205,0,0,0,0,0,0,0,0,2200,1,97,30,30,,Change,
21456,2022-08-30 00:35:56,4208,4186,4209,4208,0,0,0,0,0,0,0,0,2100,1,97,30,30,,Change,
21457,2022-08-30 00:36:31,4210,4187,4211,4209,0,0,0,0,0,0,0,0,1900,1,98,30,30,,Change,
21458,2022-08-30 00:37:06,4212,4188,4213,4211,0,0,0,0,0,0,0,0,1800,1,98,30,30,,Change,
21459,2022-08-30 00:37:42,4214,4189,4215,4213,0,0,0,0,0,0,0,0,1700,1,98,30,30,,Change,
21460,2022-08-30 00:38:17,4216,4190,4217,4215,0,0,0,0,0,0,0,0,1600,1,98,30,30,,Change,
21461,2022-08-30 00:38:52,4218,4191,4219,4217,0,0,0,0,0,0,0,0,1400,1,98,30,30,,Change,
21462,2022-08-30 00:39:27,4219,4192,4221,4219,0,0,0,0,0,0,0,0,1300,1,98,30,30,,Change,
21463,2022-08-30 00:40:02,4221,4193,4222,4220,0,0,0,0,0,0,0,0,1200,1,99,30,30,,Change,
21464,2022-08-30 00:40:37,4223,4194,4224,4222,0,0,0,0,0,0,0,0,1100,1,99,30,30,,Change,
21465,2022-08-30 00:41:12,4224,4195,4225,4223,0,0,0,0,0,0,0,0,1000,1,99,30,30,,Change,
21466,2022-08-30 00:41:47,4225,4196,4226,4224,0,0,0,0,0,0,0,0,1000,1,99,30,30,,Change,
21467,2022-08-30 00:42:22,4226,4197,4228,4225,0,0,0,0,0,0,0,0,900,1,99,30,30,,Change,
21468,2022-08-30 00:42:57,4227,4197,4229,4226,0,0,0,0,0,0,0,0,800,1,99,30,30,,Change,
21469,2022-08-30 00:43:32,4228,4198,4230,4227,0,0,0,0,0,0,0,0,800,1,99,30,30,,Change,
21470,2022-08-30 00:44:07,4229,4198,4231,4228,0,0,0,0,0,0,0,0,700,1,99,30,30,,Change,
21471,2022-08-30 00:44:42,4230,4199,4231,4229,0,0,0,0,0,0,0,0,600,1,99,30,30,,Change,
21472,2022-08-30 00:45:18,4231,4199,4232,4230,0,0,0,0,0,0,0,0,600,1,99,30,30,,Change,
21473,2022-08-30 00:45:53,4232,4200,4233,4230,0,0,0,0,0,0,0,0,500,1,99,30,30,,Change,
21474,2022-08-30 00:46:28,4232,4200,4234,4231,0,0,0,0,0,0,0,0,500,1,99,30,30,,Change,
21475,2022-08-30 00:47:03,4233,4200,4234,4232,0,0,0,0,0,0,0,0,500,1,100,30,30,,Change,
21476,2022-08-30 01:17:16,4214,4183,4214,4212,0,0,0,0,0,0,0,0,0,1,100,46,49,,OFF,
21477,2022-08-30 01:47:16,4211,4181,4212,4210,0,0,0,0,0,0,0,0,0,1,100,46,49,,OFF,
21478,2022-08-30 02:17:16,4210,4180,4211,4209,0,0,0,0,0,0,0,0,0,1,100,45,49,,OFF,
21479,2022-08-30 02:47:16,4209,4180,4210,4208,0,0,0,0,0,0,0,0,0,1,100,45,49,,OFF,
21480,2022-08-30 03:17:16,4209,4179,4210,4208,0,0,0,0,0,0,0,0,0,1,100,44,49,,OFF,
21481,2022-08-30 03:47:16,4208,4179,4209,4207,0,0,0,0,0,0,0,0,0,1,100,44,49,,OFF,
21482,2022-08-30 04:17:16,4208,4178,4209,4207,0,0,0,0,0,0,0,0,0,1,100,44,49,,OFF,
21483,2022-08-30 04:47:16,4208,4178,4209,4207,0,0,0,0,0,0,0,0,0,1,100,44,49,,OFF,
21484,2022-08-30 05:17:16,4207,4178,4208,4206,0,0,0,0,0,0,0,0,0,1,100,44,49,,OFF,
21485,2022-08-30 05:47:16,4207,4178,4208,4206,0,0,0,0,0,0,0,0,0,1,100,44,49,,OFF,
21486,2022-08-30 06:17:16,4207,4177,4208,4206,0,0,0,0,0,0,0,0,0,1,100,44,49,,OFF,
21487,2022-08-30 06:47:16,4206,4177,4207,4206,0,0,0,0,0,0,0,0,0,1,100,44,49,,OFF,
21488,2022-08-30 07:17:16,4206,4177,4207,4205,0,0,0,0,0,0,0,0,0,1,100,44,49,,OFF,
21489,2022-08-30 08:09:24,4206,4177,4207,4205,0,0,0,0,0,0,0,0,0,1,100,44,49,,OFF,
21490,2022-08-30 08:39:24,4205,4176,4207,4205,0,0,0,0,0,0,0,0,0,1,100,44,49,,OFF,
21491,2022-08-30 09:29:59,4205,4176,4206,4204,0,0,0,0,0,0,0,0,0,1,100,44,49,,OFF,
21492,2022-08-30 09:59:59,4205,4176,4206,4204,0,0,0,0,0,0,0,0,0,1,100,42,46,,OFF,
21493,2022-08-30 10:29:59,4205,4176,4206,4204,0,0,0,0,0,0,0,0,0,1,100,44,49,,OFF,
21494,2022-08-30 10:59:59,4204,4176,4205,4203,0,0,0,0,0,0,0,0,0,1,100,44,49,,OFF,
21495,2022-08-30 11:29:59,4204,4176,4205,4203,0,0,0,0,0,0,0,0,0,1,100,45,49,,OFF,
21496,2022-08-30 11:59:59,4204,4176,4205,4203,0,0,0,0,0,0,0,0,0,1,100,45,49,,OFF,
21497,2022-08-30 12:29:59,4204,4175,4205,4203,0,0,0,0,0,0,0,0,0,1,100,46,49,,OFF,
21498,2022-08-30 12:59:59,4204,4175,4205,4203,0,0,0,0,0,0,0,0,0,1,100,46,49,,OFF,
21499,2022-08-30 13:29:59,4203,4175,4205,4202,0,0,0,0,0,0,0,0,0,1,100,47,49,,OFF,
21500,2022-08-30 13:59:59,4203,4175,4204,4202,0,0,0,0,0,0,0,0,0,1,100,48,49,,OFF,
21501,2022-08-30 14:29:59,4203,4175,4204,4202,0,0,0,0,0,0,0,0,0,1,100,49,49,,OFF,
21502,2022-08-30 14:59:59,4203,4175,4204,4202,0,0,0,0,0,0,0,0,0,1,100,51,49,,OFF,
21503,2022-08-30 15:29:59,4202,4175,4204,4202,0,0,0,0,0,0,0,0,0,1,100,52,49,,OFF,
21504,2022-08-30 15:59:59,4201,4174,4203,4201,0,0,0,0,0,0,0,0,0,1,100,51,49,,OFF,
21505,2022-08-30 16:29:59,4201,4174,4203,4201,0,0,0,0,0,0,0,0,0,1,100,51,49,,OFF,
21506,2022-08-30 16:59:59,4201,4173,4202,4200,0,0,0,0,0,0,0,0,0,1,100,50,49,,OFF,
21507,2022-08-30 17:29:59,4200,4173,4202,4200,0,0,0,0,0,0,0,0,0,1,100,50,49,,OFF,
21508,2022-08-30 17:59:59,4200,4173,4201,4200,0,0,0,0,0,0,0,0,0,1,100,49,49,,OFF,
21509,2022-08-30 18:29:59,4200,4173,4201,4199,0,0,0,0,0,0,0,0,0,1,100,49,49,,OFF,
21510,2022-08-30 18:59:59,4199,4172,4201,4199,0,0,0,0,0,0,0,0,0,1,100,49,49,,OFF,
21511,2022-08-30 19:29:59,4199,4172,4201,4199,0,0,0,0,0,0,0,0,0,1,100,48,49,,OFF,
21512,2022-08-30 19:59:59,4199,4172,4201,4199,0,0,0,0,0,0,0,0,0,1,100,48,49,,OFF,
21513,2022-08-30 20:29:59,4199,4172,4200,4198,0,0,0,0,0,0,0,0,0,1,100,48,49,,OFF,
21514,2022-08-30 20:59:59,4199,4172,4200,4198,0,0,0,0,0,0,0,0,0,1,100,48,49,,OFF,
21515,2022-08-30 21:29:59,4198,4171,4200,4198,0,0,0,0,0,0,0,0,0,1,100,48,49,,OFF,
21516,2022-08-30 21:59:59,4198,4171,4200,4198,0,0,0,0,0,0,0,0,0,1,100,48,49,,OFF,
21517,2022-08-30 22:29:59,4198,4171,4199,4197,0,0,0,0,0,0,0,0,0,1,100,48,49,,OFF,
21518,2022-08-30 22:59:59,4198,4171,4199,4197,0,0,0,0,0,0,0,0,0,1,100,48,49,,OFF,
21519,2022-08-30 23:29:59,4197,4171,4199,4197,0,0,0,0,0,0,0,0,0,1,100,48,49,,OFF,
21520,2022-08-30 23:59:59,4197,4171,4199,4197,0,0,0,0,0,0,0,0,0,1,100,48,49,,OFF,
21521,2022-08-31 00:29:59,4197,4170,4199,4197,0,0,0,0,0,0,0,0,0,1,100,47,49,,OFF,
21522,2022-08-31 00:59:59,4197,4170,4198,4197,0,0,0,0,0,0,0,0,0,1,100,47,49,,OFF,
21523,2022-08-31 01:29:59,4197,4170,4198,4196,0,0,0,0,0,0,0,0,0,1,100,47,49,,OFF,
21524,2022-08-31 01:59:59,4197,4170,4198,4196,0,0,0,0,0,0,0,0,0,1,100,47,49,,OFF,
21525,2022-08-31 02:29:59,4196,4170,4198,4196,0,0,0,0,0,0,0,0,0,1,100,47,49,,OFF,
21526,2022-08-31 02:59:59,4196,4170,4198,4196,0,0,0,0,0,0,0,0,0,1,100,46,49,,OFF,
21527,2022-08-31 03:29:59,4196,4169,4197,4196,0,0,0,0,0,0,0,0,0,1,100,46,49,,OFF,
21528,2022-08-31 03:59:59,4196,4169,4197,4196,0,0,0,0,0,0,0,0,0,1,100,46,49,,OFF,
21529,2022-08-31 04:29:59,4196,4169,4197,4195,0,0,0,0,0,0,0,0,0,1,100,46,49,,OFF,
21530,2022-08-31 04:59:59,4196,4169,4197,4195,0,0,0,0,0,0,0,0,0,1,100,46,49,,OFF,
21531,2022-08-31 05:29:59,4195,4169,4197,4195,0,0,0,0,0,0,0,0,0,1,100,45,49,,OFF,
21532,2022-08-31 05:59:59,4195,4169,4197,4195,0,0,0,0,0,0,0,0,0,1,100,45,49,,OFF,
21533,2022-08-31 06:29:59,4195,4169,4197,4195,0,0,0,0,0,0,0,0,0,1,100,45,49,,OFF,
21534,2022-08-31 06:59:59,4195,4169,4196,4195,0,0,0,0,0,0,0,0,0,1,100,45,49,,OFF,
21535,2022-08-31 07:29:59,4195,4168,4196,4194,0,0,0,0,0,0,0,0,0,1,100,45,49,,OFF,
21536,2022-08-31 07:59:59,4195,4168,4196,4194,0,0,0,0,0,0,0,0,0,1,100,44,49,,OFF,
21537,2022-08-31 08:29:59,4195,4168,4196,4194,0,0,0,0,0,0,0,0,0,1,100,44,48,,OFF,
21538,2022-08-31 08:59:59,4194,4168,4196,4194,0,0,0,0,0,0,0,0,0,1,100,44,49,,OFF,
21539,2022-08-31 09:45:15,4192,4166,4194,4192,0,0,0,0,0,0,0,0,0,1,100,43,47,,ON,
21540,2022-08-31 09:46:24,4189,4163,4190,4188,0,0,0,0,0,0,0,0,0,1,100,27,30,,Idle,
21541,2022-08-31 09:47:33,3979,3962,3974,3979,0,0,0,0,0,0,0,0,-16000,1,99,27,30,,Dischange,
21542,2022-08-31 09:48:07,4152,4133,4153,4152,0,0,0,0,0,0,0,0,0,1,99,27,30,,Idle,
21543,2022-08-31 09:49:16,4120,4106,4120,4120,0,0,0,0,0,0,0,0,0,1,97,27,30,,Idle,
21544,2022-08-31 09:50:25,4134,4120,4134,4134,0,0,0,0,0,0,0,0,0,1,97,28,30,,Idle,
21545,2022-08-31 09:51:34,4135,4121,4136,4135,0,0,0,0,0,0,0,0,0,1,97,28,30,,Idle,
21546,2022-08-31 09:52:43,3970,3953,3966,3972,0,0,0,0,0,0,0,0,-15900,1,97,28,30,,Dischange,
21547,2022-08-31 09:53:17,3952,3934,3942,3939,0,0,0,0,0,0,0,0,-17000,1,96,28,30,,Dischange,
21548,2022-08-31 09:53:52,3946,3932,3944,3944,0,0,0,0,0,0,0,0,-17000,1,96,29,30,,Dischange,
21549,2022-08-31 09:54:27,4075,4070,4075,4075,0,0,0,0,0,0,0,0,0,1,95,29,30,,Idle,
21550,2022-08-31 10:24:47,4109,4103,4110,4110,0,0,0,0,0,0,0,0,0,1,95,46,49,,OFF,
21551,2022-08-31 10:47:55,4108,4101,4109,4109,0,0,0,0,0,0,0,0,0,1,95,46,49,,ON,
21552,2022-08-31 10:49:04,4106,4100,4107,4107,0,0,0,0,0,0,0,0,0,1,95,28,30,,Idle,
21553,2022-08-31 10:50:13,4105,4099,4106,4106,0,0,0,0,0,0,0,0,0,1,95,28,30,,Idle,
21554,2022-08-31 10:51:22,4105,4098,4106,4105,0,0,0,0,0,0,0,0,0,1,95,28,30,,Idle,
21555,2022-08-31 10:52:31,4104,4098,4105,4104,0,0,0,0,0,0,0,0,0,1,95,28,30,,Idle,
21556,2022-08-31 10:53:40,4104,4098,4105,4104,0,0,0,0,0,0,0,0,0,1,95,29,30,,Idle,
21557,2022-08-31 10:54:49,3922,3917,3917,3923,0,0,0,0,0,0,0,0,-17100,1,94,29,30,,Dischange,
21558,2022-08-31 10:55:23,4068,4064,4069,4068,0,0,0,0,0,0,0,0,-600,1,93,29,30,,Idle,
21559,2022-08-31 10:56:32,3914,3909,3915,3920,0,0,0,0,0,0,0,0,-17600,1,91,30,30,,Dischange,
21560,2022-08-31 10:57:07,3895,3888,3889,3893,0,0,0,0,0,0,0,0,-17100,1,89,30,30,,Dischange,
21561,2022-08-31 10:57:41,4006,4001,4007,4007,0,0,0,0,0,0,0,0,0,1,87,31,30,,Idle,
21562,2022-08-31 10:58:50,3990,3983,3991,3991,0,0,0,0,0,0,0,0,0,1,85,31,30,,Idle,
21563,2022-08-31 10:59:59,3968,3958,3969,3968,0,0,0,0,0,0,0,0,-500,1,82,32,30,,Idle,
21564,2022-08-31 11:01:08,3929,3918,3930,3930,0,0,0,0,0,0,0,0,-4100,1,80,33,30,,Dischange,
21565,2022-08-31 11:01:43,3840,3820,3831,3833,0,0,0,0,0,0,0,0,-17800,1,79,33,30,,Dischange,
21566,2022-08-31 11:02:17,3916,3905,3917,3917,0,0,0,0,0,0,0,0,-500,1,77,34,30,,Idle,
21567,2022-08-31 11:03:26,3898,3887,3899,3899,0,0,0,0,0,0,0,0,0,1,75,34,30,,Idle,
21568,2022-08-31 11:04:35,3751,3740,3747,3747,0,0,0,0,0,0,0,0,-17700,1,72,35,30,,Dischange,
21569,2022-08-31 11:05:10,3896,3886,3897,3897,0,0,0,0,0,0,0,0,0,1,72,35,30,,Idle,
21570,2022-08-31 11:06:19,3910,3901,3911,3911,0,0,0,0,0,0,0,0,0,1,72,36,30,,Idle,
21571,2022-08-31 11:07:28,3914,3904,3915,3914,0,0,0,0,0,0,0,0,0,1,72,36,30,,Idle,
21572,2022-08-31 11:08:37,3916,3905,3916,3917,0,0,0,0,0,0,0,0,0,1,72,36,30,,Idle,
21573,2022-08-31 11:09:46,3916,3906,3917,3917,0,0,0,0,0,0,0,0,0,1,72,36,30,,Idle,
21574,2022-08-31 11:10:54,3738,3728,3737,3744,0,0,0,0,0,0,0,0,-17600,1,70,37,30,,Dischange,
21575,2022-08-31 11:11:29,3855,3846,3856,3856,0,0,0,0,0,0,0,0,0,1,69,37,30,,Idle,
21576,2022-08-31 11:12:38,3767,3754,3765,3768,0,0,0,0,0,0,0,0,-23000,1,67,38,30,,Dischange,
21577,2022-08-31 11:13:12,3789,3780,3790,3790,0,0,0,0,0,0,0,0,0,1,65,38,30,,Idle,
21578,2022-08-31 11:14:21,3659,3650,3657,3660,0,0,0,0,0,0,0,0,-17800,1,62,39,30,,Dischange,
21579,2022-08-31 11:14:56,3781,3771,3782,3782,0,0,0,0,0,0,0,0,0,1,61,39,30,,Idle,
21580,2022-08-31 11:16:05,3678,3664,3678,3678,0,0,0,0,0,0,0,0,-21100,1,59,40,30,,Dischange,
21581,2022-08-31 11:16:39,3711,3701,3712,3712,0,0,0,0,0,0,0,0,-600,1,57,40,30,,Idle,
21582,2022-08-31 11:17:48,3580,3562,3573,3579,0,0,0,0,0,0,0,0,-18400,1,54,41,30,,Dischange,
21583,2022-08-31 11:18:23,3586,3575,3585,3589,0,0,0,0,0,0,0,0,-19400,1,54,41,30,,Dischange,
21584,2022-08-31 11:18:57,3566,3549,3565,3567,0,0,0,0,0,0,0,0,-17200,1,52,41,30,,Dischange,
21585,2022-08-31 11:19:32,3549,3540,3550,3563,0,0,0,0,0,0,0,0,-18700,1,51,42,30,,Dischange,
21586,2022-08-31 11:20:06,3551,3534,3545,3546,0,0,0,0,0,0,0,0,-14600,1,49,42,30,,Dischange,
21587,2022-08-31 11:20:41,3519,3511,3520,3525,0,0,0,0,0,0,0,0,-19200,1,48,42,30,,Dischange,
21588,2022-08-31 11:21:15,3580,3570,3581,3581,0,0,0,0,0,0,0,0,-7100,1,46,43,30,,Dischange,
21589,2022-08-31 11:21:50,3625,3614,3626,3627,0,0,0,0,0,0,0,0,0,1,46,43,30,,Idle,
21590,2022-08-31 11:34:34,3663,3646,3664,3667,0,0,0,0,0,0,0,0,0,1,46,53,48,,ON,
21591,2022-08-31 11:35:44,3663,3646,3664,3667,0,0,10496,7844,2048,0,0,8960,0,1,46,40,30,,Idle,
21592,2022-08-31 11:36:54,3663,3646,3664,3667,0,0,10496,7844,2048,0,0,8960,0,1,46,40,30,,Idle,
21593,2022-08-31 11:38:04,3663,3646,3664,3667,0,0,10496,7844,2048,0,0,8960,0,1,46,40,30,,Idle,
21594,2022-08-31 11:39:14,3663,3646,3664,3667,0,0,10240,7844,2048,0,0,8960,0,1,46,40,30,,Idle,
21595,2022-08-31 11:40:24,3663,3646,3664,3667,0,0,10240,7844,2048,0,0,8960,0,1,46,40,30,,Idle,
21596,2022-08-31 11:41:34,3663,3646,3664,3667,0,0,9984,7844,2048,0,0,8960,0,1,46,39,30,,Idle,
21597,2022-08-31 11:42:44,3663,3646,3664,3667,0,0,9984,7844,2048,0,0,8960,0,1,46,39,30,,Idle,
21598,2022-08-31 11:43:54,3663,3646,3664,3667,0,0,9984,7844,2048,0,0,8960,0,1,46,39,30,,Idle,
21599,2022-08-31 11:45:05,3699,3687,3708,3710,0,0,9984,7844,2048,0,0,8960,4900,1,47,39,30,,Change,
21600,2022-08-31 11:45:40,3718,3705,3724,3721,0,0,9984,7844,2048,0,0,8960,4900,1,47,38,30,,Change,
21601,2022-08-31 11:46:18,3702,3686,3703,3706,0,0,9984,7844,2048,0,0,8960,1800,1,48,38,30,,Change,
21602,2022-08-31 11:46:31,3695,3678,3696,3698,0,0,0,0,0,0,0,0,0,1,48,50,47,,ON,
21603,2022-08-31 11:47:13,3726,3704,3719,3723,0,0,0,0,0,0,0,0,4900,1,48,54,52,,ON,
21604,2022-08-31 11:48:23,3757,3736,3749,3752,0,0,0,0,0,0,0,0,4900,1,49,39,30,,Change,
21605,2022-08-31 11:48:58,3759,3750,3768,3765,0,0,0,0,0,0,0,0,4900,1,49,38,30,,Change,
21606,2022-08-31 11:49:33,3764,3752,3771,3775,0,0,0,0,0,0,0,0,4900,1,50,38,30,,Change,
21607,2022-08-31 11:50:08,3773,3765,3782,3780,0,0,0,0,0,0,0,0,4900,1,51,38,30,,Change,
21608,2022-08-31 11:50:43,3780,3771,3788,3787,0,0,0,0,0,0,0,0,4800,1,51,38,30,,Change,
21609,2022-08-31 11:51:18,3790,3772,3786,3789,0,0,0,0,0,0,0,0,4800,1,52,38,30,,Change,
21610,2022-08-31 11:51:54,3791,3783,3800,3799,0,0,0,0,0,0,0,0,4800,1,52,38,30,,Change,
21611,2022-08-31 11:52:29,3804,3786,3797,3799,0,0,0,0,0,0,0,0,4800,1,53,38,30,,Change,
21612,2022-08-31 11:53:04,3810,3794,3803,3804,0,0,0,0,0,0,0,0,4800,1,53,38,30,,Change,
21613,2022-08-31 11:53:39,3807,3797,3813,3816,0,0,0,0,0,0,0,0,4800,1,54,38,30,,Change,
21614,2022-08-31 11:54:14,3820,3810,3818,3814,0,0,0,0,0,0,0,0,4800,1,54,38,30,,Change,
21615,2022-08-31 11:54:49,3820,3807,3823,3826,0,0,0,0,0,0,0,0,4800,1,55,38,30,,Change,
21616,2022-08-31 11:55:24,3824,3816,3832,3832,0,0,0,0,0,0,0,0,4800,1,55,38,30,,Change,
21617,2022-08-31 11:55:59,3829,3821,3837,3838,0,0,0,0,0,0,0,0,4800,1,56,38,30,,Change,
21618,2022-08-31 11:56:34,3834,3827,3843,3842,0,0,0,0,0,0,0,0,4800,1,56,38,30,,Change,
21619,2022-08-31 11:57:09,3846,3836,3845,3840,0,0,0,0,0,0,0,0,4800,1,57,38,30,,Change,
21620,2022-08-31 11:57:44,3852,3840,3847,3845,0,0,0,0,0,0,0,0,4800,1,57,38,30,,Change,
21621,2022-08-31 11:58:19,3854,3846,3857,3852,0,0,0,0,0,0,0,0,4800,1,58,38,30,,Change,
21622,2022-08-31 11:58:54,3854,3845,3861,3862,0,0,0,0,0,0,0,0,4800,1,58,38,30,,Change,
21623,2022-08-31 11:59:30,3865,3856,3866,3861,0,0,0,0,0,0,0,0,4800,1,59,38,30,,Change,
21624,2022-08-31 12:00:05,3869,3854,3866,3868,0,0,0,0,0,0,0,0,4800,1,59,38,30,,Change,
21625,2022-08-31 12:00:40,3871,3864,3878,3875,0,0,0,0,0,0,0,0,4800,1,60,38,30,,Change,
21626,2022-08-31 12:01:15,3880,3871,3880,3875,0,0,0,0,0,0,0,0,4800,1,60,38,30,,Change,
21627,2022-08-31 12:01:50,3886,3871,3881,3881,0,0,0,0,0,0,0,0,4800,1,61,38,30,,Change,
21628,2022-08-31 12:02:25,3890,3880,3889,3885,0,0,0,0,0,0,0,0,4800,1,61,38,30,,Change,
21629,2022-08-31 12:03:00,3889,3879,3893,3895,0,0,0,0,0,0,0,0,4800,1,62,38,30,,Change,
21630,2022-08-31 12:03:35,3897,3889,3902,3897,0,0,0,0,0,0,0,0,4800,1,62,38,30,,Change,
21631,2022-08-31 12:04:10,3904,3895,3903,3899,0,0,0,0,0,0,0,0,4800,1,63,38,30,,Change,
21632,2022-08-31 12:04:45,3903,3894,3909,3910,0,0,0,0,0,0,0,0,4800,1,64,38,30,,Change,
21633,2022-08-31 12:05:20,3911,3898,3910,3911,0,0,0,0,0,0,0,0,4800,1,64,38,30,,Change,
21634,2022-08-31 12:05:55,3916,3903,3914,3916,0,0,0,0,0,0,0,0,4800,1,65,38,30,,Change,
21635,2022-08-31 12:06:30,3917,3909,3923,3924,0,0,0,0,0,0,0,0,4800,1,65,38,30,,Change,
21636,2022-08-31 12:07:05,3922,3912,3926,3927,0,0,0,0,0,0,0,0,4800,1,66,38,30,,Change,
21637,2022-08-31 12:07:41,3931,3923,3932,3928,0,0,0,0,0,0,0,0,4800,1,66,38,30,,Change,
21638,2022-08-31 12:08:16,3931,3923,3937,3937,0,0,0,0,0,0,0,0,4800,1,67,38,30,,Change,
21639,2022-08-31 12:08:51,3936,3927,3940,3942,0,0,0,0,0,0,0,0,4800,1,67,38,30,,Change,
21640,2022-08-31 12:09:26,3945,3937,3947,3942,0,0,0,0,0,0,0,0,4800,1,68,38,30,,Change,
21641,2022-08-31 12:10:01,3951,3938,3947,3946,0,0,0,0,0,0,0,0,4800,1,68,38,30,,Change,
21642,2022-08-31 12:10:36,3952,3945,3957,3954,0,0,0,0,0,0,0,0,4800,1,69,38,30,,Change,
21643,2022-08-31 12:11:11,3960,3950,3959,3956,0,0,0,0,0,0,0,0,4800,1,69,39,30,,Change,
21644,2022-08-31 12:11:46,3965,3951,3961,3961,0,0,0,0,0,0,0,0,4800,1,70,39,30,,Change,
21645,2022-08-31 12:12:21,3970,3957,3967,3966,0,0,0,0,0,0,0,0,4700,1,70,39,30,,Change,
21646,2022-08-31 12:12:56,3975,3962,3971,3971,0,0,0,0,0,0,0,0,4700,1,71,39,30,,Change,
21647,2022-08-31 12:13:31,3975,3965,3980,3980,0,0,0,0,0,0,0,0,4700,1,71,39,30,,Change,
21648,2022-08-31 12:14:06,3981,3972,3986,3986,0,0,0,0,0,0,0,0,4700,1,72,39,30,,Change,
21649,2022-08-31 12:14:41,3991,3979,3988,3986,0,0,0,0,0,0,0,0,4700,1,72,39,30,,Change,
21650,2022-08-31 12:15:16,3993,3984,3997,3994,0,0,0,0,0,0,0,0,4700,1,73,39,30,,Change,
21651,2022-08-31 12:15:52,4001,3989,3999,3997,0,0,0,0,0,0,0,0,4700,1,73,39,30,,Change,
21652,2022-08-31 12:16:27,4002,3990,4005,4006,0,0,0,0,0,0,0,0,4700,1,74,39,30,,Change,
21653,2022-08-31 12:17:02,4009,4000,4013,4010,0,0,0,0,0,0,0,0,4700,1,74,39,30,,Change,
21654,2022-08-31 12:17:37,4017,4005,4017,4013,0,0,0,0,0,0,0,0,4700,1,75,39,30,,Change,
21655,2022-08-31 12:18:12,4020,4010,4024,4022,0,0,0,0,0,0,0,0,4700,1,75,39,30,,Change,
21656,2022-08-31 12:18:47,4027,4012,4026,4026,0,0,0,0,0,0,0,0,4700,1,76,39,30,,Change,
21657,2022-08-31 12:19:22,4030,4018,4034,4034,0,0,0,0,0,0,0,0,4700,1,76,39,30,,Change,
21658,2022-08-31 12:19:57,4037,4023,4038,4039,0,0,0,0,0,0,0,0,4700,1,77,39,30,,Change,
21659,2022-08-31 12:20:32,4046,4032,4044,4042,0,0,0,0,0,0,0,0,4700,1,77,39,30,,Change,
21660,2022-08-31 12:21:07,4047,4036,4052,4052,0,0,0,0,0,0,0,0,4700,1,78,39,30,,Change,
21661,2022-08-31 12:21:42,4053,4041,4058,4057,0,0,0,0,0,0,0,0,4700,1,78,39,30,,Change,
21662,2022-08-31 12:22:17,4060,4048,4064,4063,0,0,0,0,0,0,0,0,4700,1,79,39,30,,Change,
21663,2022-08-31 12:22:52,4067,4052,4066,4066,0,0,0,0,0,0,0,0,4700,1,79,39,30,,Change,
21664,2022-08-31 12:23:27,4073,4061,4074,4071,0,0,0,0,0,0,0,0,4700,1,80,39,30,,Change,
21665,2022-08-31 12:24:02,4077,4066,4081,4079,0,0,0,0,0,0,0,0,4700,1,80,39,30,,Change,
21666,2022-08-31 12:24:38,4084,4073,4086,4083,0,0,0,0,0,0,0,0,4700,1,81,39,30,,Change,
21667,2022-08-31 12:25:13,4089,4078,4091,4088,0,0,0,0,0,0,0,0,4700,1,81,39,30,,Change,
21668,2022-08-31 12:25:48,4094,4083,4097,4094,0,0,0,0,0,0,0,0,4700,1,82,39,30,,Change,
21669,2022-08-31 12:26:23,4098,4087,4101,4100,0,0,0,0,0,0,0,0,4700,1,82,39,30,,Change,
21670,2022-08-31 12:26:58,4103,4092,4106,4105,0,0,0,0,0,0,0,0,4700,1,83,39,30,,Change,
21671,2022-08-31 12:27:33,4108,4097,4109,4109,0,0,0,0,0,0,0,0,4700,1,83,39,30,,Change,
21672,2022-08-31 12:28:08,4113,4104,4115,4113,0,0,0,0,0,0,0,0,4700,1,84,38,30,,Change,
21673,2022-08-31 12:28:43,4116,4108,4119,4117,0,0,0,0,0,0,0,0,4700,1,84,38,30,,Change,
21674,2022-08-31 12:29:18,4121,4113,4122,4120,0,0,0,0,0,0,0,0,4700,1,85,38,30,,Change,
21675,2022-08-31 12:29:53,4124,4115,4125,4125,0,0,0,0,0,0,0,0,4700,1,86,38,30,,Change,
21676,2022-08-31 12:30:28,4128,4121,4128,4126,0,0,0,0,0,0,0,0,4700,1,86,38,30,,Change,
21677,2022-08-31 12:31:03,4129,4123,4131,4130,0,0,0,0,0,0,0,0,4700,1,87,38,30,,Change,
21678,2022-08-31 12:31:38,4133,4127,4133,4132,0,0,0,0,0,0,0,0,4700,1,87,38,30,,Change,
21679,2022-08-31 12:32:14,4134,4130,4137,4135,0,0,0,0,0,0,0,0,4700,1,88,38,30,,Change,
21680,2022-08-31 12:32:49,4137,4132,4139,4137,0,0,0,0,0,0,0,0,4700,1,88,38,30,,Change,
21681,2022-08-31 12:33:24,4140,4134,4140,4139,0,0,0,0,0,0,0,0,4700,1,89,38,30,,Change,
21682,2022-08-31 12:33:59,4142,4137,4142,4141,0,0,0,0,0,0,0,0,4700,1,89,38,30,,Change,
21683,2022-08-31 12:34:34,4144,4140,4145,4144,0,0,0,0,0,0,0,0,4700,1,90,38,30,,Change,
21684,2022-08-31 12:35:09,4146,4141,4148,4147,0,0,0,0,0,0,0,0,4700,1,90,38,30,,Change,
21685,2022-08-31 12:35:44,4149,4144,4151,4149,0,0,0,0,0,0,0,0,4700,1,91,38,30,,Change,
21686,2022-08-31 12:36:19,4152,4147,4153,4151,0,0,0,0,0,0,0,0,4700,1,91,38,30,,Change,
21687,2022-08-31 12:36:54,4154,4149,4155,4154,0,0,0,0,0,0,0,0,4700,1,92,38,30,,Change,
21688,2022-08-31 12:37:29,4157,4151,4158,4157,0,0,0,0,0,0,0,0,4700,1,92,38,30,,Change,
21689,2022-08-31 12:38:04,4160,4154,4161,4160,0,0,0,0,0,0,0,0,4700,1,93,38,30,,Change,
21690,2022-08-31 12:38:39,4164,4157,4165,4164,0,0,0,0,0,0,0,0,4700,1,93,38,30,,Change,
21691,2022-08-31 12:39:14,4168,4160,4168,4167,0,0,0,0,0,0,0,0,4700,1,94,38,30,,Change,
21692,2022-08-31 12:39:49,4171,4162,4172,4171,0,0,0,0,0,0,0,0,4600,1,94,38,30,,Change,
21693,2022-08-31 12:40:24,4173,4164,4174,4173,0,0,0,0,0,0,0,0,4500,1,95,38,30,,Change,
21694,2022-08-31 12:41:00,4148,4137,4148,4148,0,0,0,0,0,0,0,0,0,1,100,38,30,,Idle,
21695,2022-08-31 12:49:26,4117,4109,4117,4117,0,0,0,0,0,0,0,0,0,1,100,41,30,,ON,
21696,2022-08-31 12:50:35,4114,4107,4115,4115,0,0,0,0,0,0,0,0,0,1,100,41,30,,Idle,
21697,2022-08-31 12:51:44,4090,4085,4090,4090,0,0,0,0,0,0,0,0,0,1,98,41,30,,Idle,
21698,2022-08-31 12:52:53,4073,4071,4074,4074,0,0,0,0,0,0,0,0,0,1,95,41,30,,Idle,
21699,2022-08-31 12:54:02,4061,4058,4062,4061,0,0,0,0,0,0,0,0,0,1,93,42,30,,Idle,
21700,2022-08-31 12:55:11,4006,4000,4007,4007,0,0,0,0,0,0,0,0,-7900,1,90,42,30,,Dischange,
21701,2022-08-31 12:55:45,3924,3915,3928,3929,0,0,0,0,0,0,0,0,-17100,1,89,43,30,,Dischange,
21702,2022-08-31 12:56:20,4016,4007,4017,4016,0,0,0,0,0,0,0,0,0,1,88,43,30,,Idle,
21703,2022-08-31 12:57:29,3999,3989,4000,4000,0,0,0,0,0,0,0,0,0,1,86,43,30,,Idle,
21704,2022-08-31 12:58:38,3983,3972,3984,3984,0,0,0,0,0,0,0,0,0,1,84,43,30,,Idle,
21705,2022-08-31 12:59:47,3882,3867,3884,3884,0,0,0,0,0,0,0,0,-21400,1,81,44,30,,Dischange,
21706,2022-08-31 13:00:21,3836,3827,3838,3842,0,0,0,0,0,0,0,0,-14600,1,80,44,30,,Dischange,
21707,2022-08-31 13:00:56,3817,3804,3821,3822,0,0,0,0,0,0,0,0,-17500,1,79,44,30,,Dischange,
21708,2022-08-31 13:01:30,3792,3784,3802,3802,0,0,0,0,0,0,0,0,-16500,1,77,44,30,,Dischange,
21709,2022-08-31 13:02:05,3772,3761,3772,3777,0,0,0,0,0,0,0,0,-17900,1,75,45,30,,Dischange,
21710,2022-08-31 13:02:39,3749,3744,3752,3755,0,0,0,0,0,0,0,0,-17800,1,73,45,30,,Dischange,
21711,2022-08-31 13:03:14,3838,3829,3839,3839,0,0,0,0,0,0,0,0,0,1,72,45,30,,Idle,
21712,2022-08-31 13:04:14,3872,3863,3873,3873,0,0,0,0,0,0,0,0,0,1,72,54,47,,ON,
21713,2022-08-31 13:05:23,3875,3866,3876,3877,0,0,0,0,0,0,0,0,0,1,72,45,30,,Idle,
21714,2022-08-31 13:06:32,3782,3770,3780,3787,0,0,0,0,0,0,0,0,-15900,1,72,45,30,,Dischange,
21715,2022-08-31 13:07:06,3831,3821,3832,3832,0,0,0,0,0,0,0,0,0,1,70,45,30,,Idle,
21716,2022-08-31 13:08:15,3821,3811,3822,3822,0,0,0,0,0,0,0,0,0,1,68,45,30,,Idle,
21717,2022-08-31 13:09:24,3664,3651,3659,3660,0,0,0,0,0,0,0,0,-18700,1,65,46,30,,Dischange,
21718,2022-08-31 13:09:58,3678,3662,3668,3668,0,0,0,0,0,0,0,0,-18900,1,64,46,30,,Dischange,
21719,2022-08-31 13:10:33,3659,3652,3662,3664,0,0,0,0,0,0,0,0,-16200,1,62,47,30,,Dischange,
21720,2022-08-31 13:11:07,3649,3636,3648,3652,0,0,0,0,0,0,0,0,-18600,1,61,47,30,,Dischange,
21721,2022-08-31 13:11:42,3607,3592,3610,3612,0,0,0,0,0,0,0,0,-17400,1,59,47,30,,Dischange,
21722,2022-08-31 13:12:16,3716,3704,3717,3717,0,0,0,0,0,0,0,0,0,1,58,47,30,,Idle,
21723,2022-08-31 13:13:25,3688,3675,3689,3690,0,0,0,0,0,0,0,0,0,1,56,48,30,,Idle,
21724,2022-08-31 13:14:34,3662,3649,3664,3665,0,0,0,0,0,0,0,0,-1900,1,54,48,30,,Idle,
21725,2022-08-31 13:15:43,3525,3511,3522,3525,0,0,0,0,0,0,0,0,-17800,1,51,49,30,,Dischange,
21726,2022-08-31 13:16:18,3574,3563,3575,3576,0,0,0,0,0,0,0,0,-5800,1,49,49,30,,Dischange,
21727,2022-08-31 13:16:52,3483,3467,3478,3487,0,0,0,0,0,0,0,0,-18600,1,48,50,30,,Dischange,
21728,2022-08-31 13:17:27,3427,3401,3418,3423,0,0,0,0,0,0,0,0,-19600,1,46,50,30,,Dischange,
21729,2022-08-31 13:18:01,3441,3423,3440,3442,0,0,0,0,0,0,0,0,-20200,1,44,50,30,,Dischange,
21730,2022-08-31 13:18:36,3529,3518,3529,3531,0,0,0,0,0,0,0,0,0,1,43,50,30,,Idle,
21731,2022-08-31 13:24:47,3564,3555,3564,3565,0,0,0,0,0,0,0,0,0,1,43,57,49,,ON,
